{
    "canisters": {
        "azle": {
            "type": "custom",
            "build": "npx azle azle",
            "root": "canisters/azle",
            "ts": "canisters/azle/index.ts",
            "candid": "canisters/azle/index.did",
            "wasm": "target/wasm32-unknown-unknown/release/azle.wasm",
            "declarations": {
                "output": "dfx_generated/azle"
            }
        },
        "hello_assets": {
            "frontend": {
                "entrypoint": "canisters/hello_assets/src/index.html"
            },
            "source": ["canisters/hello_assets/assets", "dist/hello_assets/"],
            "type": "assets"
        },
        "motoko": {
            "type": "motoko",
            "main": "canisters/motoko/main.mo",
            "declarations": {
                "output": "dfx_generated/motoko"
            }
        },
        "rust": {
            "type": "rust",
            "package": "rust",
            "candid": "canisters/rust/src/lib.did",
            "declarations": {
                "output": "dfx_generated/rust"
            }
        }
    },
    "defaults": {
        "build": {
            "args": "",
            "packtool": ""
        }
    },
    "networks": {
        "local": {
            "bind": "127.0.0.1:8000",
            "type": "ephemeral"
        }
    },
    "version": 1
}
