{
    "canisters": {
        "azle": {
            "type": "custom",
            "build": "npx azle azle",
            "root": "canisters/azle",
            "ts": "canisters/azle/index.ts",
            "candid": "canisters/azle/index.did",
            "wasm": "target/wasm32-unknown-unknown/release/azle.wasm",
            "declarations": {
                "output": "dfx_generated/azle"
            }
        },
        "motoko": {
            "type": "motoko",
            "main": "canisters/motoko/main.mo",
            "declarations": {
                "output": "dfx_generated/motoko"
            }
        },
        "rust": {
            "type": "rust",
            "package": "rust",
            "candid": "canisters/rust/src/lib.did",
            "declarations": {
                "output": "dfx_generated/rust"
            }
        },
        "www": {
            "frontend": {
                "entrypoint": "canisters/www/public/index.html"
            },
            "source": ["canisters/www/assets", "dist/www/"],
            "type": "assets",
            "declarations": {
                "output": "dfx_generated/www"
            }
        }
    }
}
