{
    "canisters": {
        "func_types": {
            "type": "custom",
            "build": "npx azle func_types",
            "root": "src",
            "ts": "canisters/func_types/func_types.ts",
            "candid": "canisters/func_types/func_types.did",
            "wasm": "target/wasm32-unknown-unknown/release/func_types.wasm",
            "declarations": {
                "output": "test/dfx_generated/func_types"
            }
        },
        "notifiers": {
            "type": "custom",
            "build": "npx azle notifiers",
            "root": "src",
            "ts": "canisters/notifiers/notifiers.ts",
            "candid": "canisters/notifiers/notifiers.did",
            "wasm": "target/wasm32-unknown-unknown/release/notifiers.wasm",
            "declarations": {
                "output": "test/dfx_generated/notifiers"
            }
        }
    }
}
