{
    "canisters": {
        "defi_dapp": {
            "main": "src/defi_dapp/main.mo",
            "dependencies": ["ledger"]
        },
        "defi": {
            "type": "custom",
            "build": "npx azle defi",
            "root": "src/defi",
            "ts": "src/defi/src/main.ts",
            "candid": "src/defi/src/defi.did",
            "wasm": "target/wasm32-unknown-unknown/release/defi.wasm"
        },
        "ledger": {
            "type": "custom",
            "candid": "src/ledger/ledger.did",
            "wasm": "src/ledger/ledger.wasm"
        },
        "internet_identity": {
            "type": "custom",
            "candid": "src/internet_identity/internet_identity.did",
            "wasm": "src/internet_identity/internet_identity_dummy.wasm"
        },
        "frontend": {
            "dependencies": ["defi_dapp"],
            "source": ["src/frontend_assets"],
            "type": "assets"
        },
        "AkitaDIP20": {
            "main": "src/DIP20/motoko/src/token.mo"
        },
        "GoldenDIP20": {
            "main": "src/DIP20/motoko/src/token.mo"
        }
    },
    "defaults": {
        "build": {
            "args": "",
            "packtool": ""
        }
    },
    "networks": {
        "local": {
            "bind": "127.0.0.1:8000",
            "type": "ephemeral"
        }
    },
    "version": 1
}
